all_samples_flattening_rmse,M_step_rmse
175.54851,
,142.82794
,161.23566
,172.72057
,182.83058
,188.60915
,199.18356
