all_samples_flattening_rmse,M_step_rmse
283.03595,
,218.78426
,232.66367
,233.76741
,239.83571
,240.90839
,235.08531
,415.40674
,249.93797
,415.8494
,256.24542
