RMSE,nRMSE,MAPE,sMAPE,R2
130.52503473814122,0.42496522937999465,0.3599377807622363,0.3599377807622363,0.7632718774344911
,,,,,Multi-step prediction of the mean value of each indicator
,,,,,
,,,,,
all_samples_rmse,nrmse_mean,mape_mean,sampe_mean,R2_mean
130.52503473814122,0.42496522937999465,0.3599377807622363,0.3599377807622363,0.7632718774344911
