all_samples_flattening_rmse,M_step_rmse
211.68867,
,144.31624
,164.83018
,179.9735
,194.42656
,199.67952
,203.38023
,210.91342
,208.46954
,224.83942
,242.69897
,259.72647
,271.04248
