all_samples_flattening_rmse,M_step_rmse
244.90736,
,55.823162
,58.839714
,379.50653
,379.45563
,65.84601
,66.52359
,379.00607
,68.73384
,378.55807
,69.05708
