RMSE,nRMSE,MAPE,sMAPE,R2
221.85939644115936,0.7106435761015792,0.7200734724415073,-0.4992480508472137,0.3239451480371034
,,,,,Multi-step prediction of the mean value of each indicator
,,,,,
,,,,,
all_samples_rmse,nrmse_mean,mape_mean,sampe_mean,R2_mean
221.85939644115936,0.7106435761015792,0.7200734724415073,-0.4992480508472137,0.3239451480371034
