all_samples_flattening_rmse,M_step_rmse
214.40245,
,53.04561
,379.52338
,62.12968
,64.17238
,65.05618
,65.97135
,379.00607
,378.7824
,67.31
,67.95017
