all_samples_flattening_rmse,M_step_rmse
227.78911,
,160.48636
,177.0208
,192.21371
,213.1441
,216.03532
,230.16692
,233.40117
,241.23029
,239.51201
,272.23132
,259.1011
,268.81262
