all_samples_flattening_rmse,M_step_rmse
53.586494,
,31.587946
,41.74703
,49.186275
,53.059864
,56.938713
,58.5472
,58.99314
,58.686016
,59.544586
,60.00236
